locationId,description,phoneNumbers,email,openingTime,startValidity,endValidity,externalCodes,appointmentRequired,website,partnerType,addressRow,cap,city,province,country,Stato,Errore,Risultato
cdd989ec-0ea8-40e3-91c7-a606db19405b,CAAF CGIL QR p/so CRS,0736336435,,Lun 09:00-12:00; Mar 09:00-12:00; Mer 09:00-12:00; Gio 09:00-12:00; Ven 09:00-12:00,2025-04-22,,ASCOLI,false,,,VIA C. ROZZI 13/F,63100,ASCOLI PICENO,AP,ITALIA,OK,,"{""normalizedAddress"":{""addressRow"":""Via Renato Tozzi Condivi, 13/f, 63100 Ascoli Piceno AP, Italia"",""cap"":""63100"",""city"":""Ascoli Piceno"",""province"":""AP"",""country"":""Italia"",""latitude"":""42.8489"",""longitude"":""13.58688"",""biasPoint"":{""addressNumber"":1,""country"":1,""locality"":1,""postalCode"":1,""subRegion"":1,""overall"":0.94},""manualCoordinates"":false},""address"":{""addressRow"":""VIA C. ROZZI 13/F"",""cap"":""63100"",""city"":""ASCOLI PICENO"",""province"":""AP"",""country"":""ITALIA""},""partnerId"":""01306320423"",""locationId"":""cdd989ec-0ea8-40e3-91c7-a606db19405b"",""description"":""CAAF CGIL QR p/so CRS"",""phoneNumbers"":[""0736336435""],""email"":null,""openingTime"":""Lun 09:00-12:00; Mar 09:00-12:00; Mer 09:00-12:00; Gio 09:00-12:00; Ven 09:00-12:00"",""startValidity"":""2025-04-22"",""endValidity"":null,""externalCodes"":[""ASCOLI""],""appointmentRequired"":false,""website"":null,""partnerType"":""CAF"",""creationTimestamp"":""2025-10-16T08:09:10.670+00:00"",""updateTimestamp"":""2026-05-12T09:07:49.708+00:00""}"
c6ec32ae-1f68-49d8-ac5c-1c9659ecdc61,CAAF CGIL QR p/so CRS,0721403737,,Lun 09:00-12:00; Mar 09:00-12:00; Mer 09:00-12:00; Gio 09:00-12:00; Ven 09:00-12:00,2025-04-22,,PESARO,false,,,VIA GAGARIN 178,61122,PESARO,PU,ITALIA,OK,,"{""normalizedAddress"":{""addressRow"":""Via Jurij Gagarin, 178, 61122 Pesaro PU, Italia"",""cap"":""61122"",""city"":""Pesaro"",""province"":""PU"",""country"":""Italia"",""latitude"":""43.90737"",""longitude"":""12.86425"",""biasPoint"":{""addressNumber"":1,""country"":1,""locality"":1,""postalCode"":1,""subRegion"":1,""overall"":1},""manualCoordinates"":false},""address"":{""addressRow"":""VIA GAGARIN 178"",""cap"":""61122"",""city"":""PESARO"",""province"":""PU"",""country"":""ITALIA""},""partnerId"":""01306320423"",""locationId"":""c6ec32ae-1f68-49d8-ac5c-1c9659ecdc61"",""description"":""CAAF CGIL QR p/so CRS"",""phoneNumbers"":[""0721403737""],""email"":null,""openingTime"":""Lun 09:00-12:00; Mar 09:00-12:00; Mer 09:00-12:00; Gio 09:00-12:00; Ven 09:00-12:00"",""startValidity"":""2025-04-22"",""endValidity"":null,""externalCodes"":[""PESARO""],""appointmentRequired"":false,""website"":null,""partnerType"":""CAF"",""creationTimestamp"":""2025-10-16T08:09:10.943+00:00"",""updateTimestamp"":""2026-05-12T09:07:50.183+00:00""}"
3dc81781-27d1-49c8-8ecf-bf0f9951b1b3,CAAF CGIL QR p/so CRS,0733245711,,Lun 09:00-12:00; Mar 09:00-12:00; Mer 09:00-12:00; Gio 09:00-12:00; Ven 09:00-12:00,2025-04-22,,MACERATA,false,,,VIA GIUSEPPE DI VITTORIO 2/4,62100,MACERATA,MC,ITALIA,OK,,"{""normalizedAddress"":{""addressRow"":""Via Giuseppe Di Vittorio, 2, 62100 Macerata MC, Italia"",""cap"":""62100"",""city"":""Macerata"",""province"":""MC"",""country"":""Italia"",""latitude"":""43.28365"",""longitude"":""13.50331"",""biasPoint"":{""addressNumber"":1,""country"":1,""locality"":1,""postalCode"":1,""subRegion"":1,""overall"":0.98},""manualCoordinates"":false},""address"":{""addressRow"":""VIA GIUSEPPE DI VITTORIO 2/4"",""cap"":""62100"",""city"":""MACERATA"",""province"":""MC"",""country"":""ITALIA""},""partnerId"":""01306320423"",""locationId"":""3dc81781-27d1-49c8-8ecf-bf0f9951b1b3"",""description"":""CAAF CGIL QR p/so CRS"",""phoneNumbers"":[""0733245711""],""email"":null,""openingTime"":""Lun 09:00-12:00; Mar 09:00-12:00; Mer 09:00-12:00; Gio 09:00-12:00; Ven 09:00-12:00"",""startValidity"":""2025-04-22"",""endValidity"":null,""externalCodes"":[""MACERATA""],""appointmentRequired"":false,""website"":null,""partnerType"":""CAF"",""creationTimestamp"":""2025-10-16T08:09:11.261+00:00"",""updateTimestamp"":""2026-05-12T09:07:50.639+00:00""}"
b53dcd27-cccb-4534-bb31-161796f912ea,CAAF CGIL QR p/so CRS,0734225884,,Lun 09:00-12:00; Mar 09:00-12:00; Mer 09:00-12:00; Gio 09:00-12:00; Ven 09:00-12:00,2025-04-22,,FERMO,false,,,VIA DELL'ANNUNZIATA 1,63900,FERMO,FM,ITALIA,OK,,"{""normalizedAddress"":{""addressRow"":""Via dell'Annunziata, 1, 63900 Fermo FM, Italia"",""cap"":""63900"",""city"":""Fermo"",""province"":""FM"",""country"":""Italia"",""latitude"":""43.163"",""longitude"":""13.72234"",""biasPoint"":{""addressNumber"":1,""country"":1,""locality"":1,""postalCode"":1,""subRegion"":1,""overall"":1},""manualCoordinates"":false},""address"":{""addressRow"":""VIA DELL'ANNUNZIATA 1"",""cap"":""63900"",""city"":""FERMO"",""province"":""FM"",""country"":""ITALIA""},""partnerId"":""01306320423"",""locationId"":""b53dcd27-cccb-4534-bb31-161796f912ea"",""description"":""CAAF CGIL QR p/so CRS"",""phoneNumbers"":[""0734225884""],""email"":null,""openingTime"":""Lun 09:00-12:00; Mar 09:00-12:00; Mer 09:00-12:00; Gio 09:00-12:00; Ven 09:00-12:00"",""startValidity"":""2025-04-22"",""endValidity"":null,""externalCodes"":[""FERMO""],""appointmentRequired"":false,""website"":null,""partnerType"":""CAF"",""creationTimestamp"":""2025-10-16T08:09:11.604+00:00"",""updateTimestamp"":""2026-05-12T09:07:51.151+00:00""}"
3d5b5a9d-b5e6-45de-8d3b-b500f62c1923,CAAF CGIL QR p/so CRS,071285741,,Lun 09:00-12:00; Mar 09:00-12:00; Mer 09:00-12:00; Gio 09:00-12:00; Ven 09:00-12:00,2025-04-22,,ANCONA,false,,,VIA I° MAGGIO 142/A,60131,ANCONA,AN,ITALIA,OK,,"{""normalizedAddress"":{""addressRow"":""Via 1 Maggio, 142A, 60131 Ancona AN, Italia"",""cap"":""60131"",""city"":""Ancona"",""province"":""AN"",""country"":""Italia"",""latitude"":""43.54209"",""longitude"":""13.50806"",""biasPoint"":{""addressNumber"":1,""country"":1,""locality"":1,""postalCode"":1,""subRegion"":1,""overall"":0.94},""manualCoordinates"":false},""address"":{""addressRow"":""VIA I° MAGGIO 142/A"",""cap"":""60131"",""city"":""ANCONA"",""province"":""AN"",""country"":""ITALIA""},""partnerId"":""01306320423"",""locationId"":""3d5b5a9d-b5e6-45de-8d3b-b500f62c1923"",""description"":""CAAF CGIL QR p/so CRS"",""phoneNumbers"":[""071285741""],""email"":null,""openingTime"":""Lun 09:00-12:00; Mar 09:00-12:00; Mer 09:00-12:00; Gio 09:00-12:00; Ven 09:00-12:00"",""startValidity"":""2025-04-22"",""endValidity"":null,""externalCodes"":[""ANCONA""],""appointmentRequired"":false,""website"":null,""partnerType"":""CAF"",""creationTimestamp"":""2025-10-16T08:09:11.864+00:00"",""updateTimestamp"":""2026-05-12T09:07:51.657+00:00""}"
b81e9721-db31-4a4a-a8d1-d958bdbc590d,CAAF CGIL QR p/so CRS,0735781093,,Lun 09:00-12:00; Mar 09:00-12:00; Mer 09:00-12:00; Gio 09:00-12:00; Ven 09:00-12:00,2025-04-01,,00101,false,,,"VIA PIEMONTE, 41",63074,SAN BENEDETTO DEL TRONTO,AP,ITALIA,OK,,"{""normalizedAddress"":{""addressRow"":""Via Piemonte, 41, 63074 San Benedetto del Tronto AP, Italia"",""cap"":""63074"",""city"":""San Benedetto del Tronto"",""province"":""AP"",""country"":""Italia"",""latitude"":""42.9478"",""longitude"":""13.88442"",""biasPoint"":{""addressNumber"":1,""country"":1,""locality"":1,""postalCode"":1,""subRegion"":1,""overall"":1},""manualCoordinates"":false},""address"":{""addressRow"":""VIA PIEMONTE, 41"",""cap"":""63074"",""city"":""SAN BENEDETTO DEL TRONTO"",""province"":""AP"",""country"":""ITALIA""},""partnerId"":""01306320423"",""locationId"":""b81e9721-db31-4a4a-a8d1-d958bdbc590d"",""description"":""CAAF CGIL QR p/so CRS"",""phoneNumbers"":[""0735781093""],""email"":null,""openingTime"":""Lun 09:00-12:00; Mar 09:00-12:00; Mer 09:00-12:00; Gio 09:00-12:00; Ven 09:00-12:00"",""startValidity"":""2025-04-01"",""endValidity"":null,""externalCodes"":[""00101""],""appointmentRequired"":false,""website"":null,""partnerType"":""CAF"",""creationTimestamp"":""2025-10-16T08:09:12.102+00:00"",""updateTimestamp"":""2026-05-12T09:07:52.183+00:00""}"
73f7b3f9-6ce6-41e3-af1a-8df06fa1ed79,CAAF CGIL QR p/so CRS,0736888613,,Lun 09:00-12:00; Mar 09:00-12:00; Mer 09:00-12:00; Gio 09:00-12:00; Ven 09:00-12:00,2025-04-01,,00100,false,,,"PIAZZA DEL POPOLO, 25",63073,OFFIDA,AP,ITALIA,OK,,"{""normalizedAddress"":{""addressRow"":""Piazza del Popolo, 25, 63073 Offida AP, Italia"",""cap"":""63073"",""city"":""Offida"",""province"":""AP"",""country"":""Italia"",""latitude"":""42.93455"",""longitude"":""13.69092"",""biasPoint"":{""addressNumber"":1,""country"":1,""locality"":1,""postalCode"":1,""subRegion"":1,""overall"":1},""manualCoordinates"":false},""address"":{""addressRow"":""PIAZZA DEL POPOLO, 25"",""cap"":""63073"",""city"":""OFFIDA"",""province"":""AP"",""country"":""ITALIA""},""partnerId"":""01306320423"",""locationId"":""73f7b3f9-6ce6-41e3-af1a-8df06fa1ed79"",""description"":""CAAF CGIL QR p/so CRS"",""phoneNumbers"":[""0736888613""],""email"":null,""openingTime"":""Lun 09:00-12:00; Mar 09:00-12:00; Mer 09:00-12:00; Gio 09:00-12:00; Ven 09:00-12:00"",""startValidity"":""2025-04-01"",""endValidity"":null,""externalCodes"":[""00100""],""appointmentRequired"":false,""website"":null,""partnerType"":""CAF"",""creationTimestamp"":""2025-10-16T08:09:12.327+00:00"",""updateTimestamp"":""2026-05-12T09:07:52.618+00:00""}"
b3ae4173-6fb1-42bd-af5e-b8bd3c56a21c,CAAF CGIL QR p/so CRS,0717133550,,"Lun 09:00-12:00, 15:30-18:00; Mar 09:00-12:00, 15:30-18:00; Mer 09:00-12:00, 15:30-18:00; Gio 09:00-12:00, 15:30-18:00; Ven 09:00-12:00, 15:30-18:00",2025-04-01,,00236,false,,,"VIA FAGIOLI, 26",60027,OSIMO,AN,ITALIA,OK,,"{""normalizedAddress"":{""addressRow"":""Via Luigi Fagioli, 26, 60027 Osimo AN, Italia"",""cap"":""60027"",""city"":""Osimo"",""province"":""AN"",""country"":""Italia"",""latitude"":""43.48905"",""longitude"":""13.49535"",""biasPoint"":{""addressNumber"":1,""country"":1,""locality"":1,""postalCode"":1,""subRegion"":1,""overall"":0.99},""manualCoordinates"":false},""address"":{""addressRow"":""VIA FAGIOLI, 26"",""cap"":""60027"",""city"":""OSIMO"",""province"":""AN"",""country"":""ITALIA""},""partnerId"":""01306320423"",""locationId"":""b3ae4173-6fb1-42bd-af5e-b8bd3c56a21c"",""description"":""CAAF CGIL QR p/so CRS"",""phoneNumbers"":[""0717133550""],""email"":null,""openingTime"":""Lun 09:00-12:00, 15:30-18:00; Mar 09:00-12:00, 15:30-18:00; Mer 09:00-12:00, 15:30-18:00; Gio 09:00-12:00, 15:30-18:00; Ven 09:00-12:00, 15:30-18:00"",""startValidity"":""2025-04-01"",""endValidity"":null,""externalCodes"":[""00236""],""appointmentRequired"":false,""website"":null,""partnerType"":""CAF"",""creationTimestamp"":""2025-10-16T08:09:12.539+00:00"",""updateTimestamp"":""2026-05-12T09:07:53.058+00:00""}"
0810dff1-cbec-4d3f-b8cb-8e3a998e1cc6,CAAF CGIL QR p/so CRS,0717823104,,"Lun 09:00-12:00, 15:30-18:00; Mar 09:00-12:00, 15:30-18:00; Mer 09:00-12:00, 15:30-18:00; Gio 09:00-12:00, 15:30-18:00; Ven 09:00-12:00, 15:30-18:00",2025-04-01,,00233,false,,,"VIA IV NOVEMBRE, 9",60022,CASTELFIDARDO,AN,ITALIA,OK,,"{""normalizedAddress"":{""addressRow"":""Via 4 Novembre, 9, 60022 Castelfidardo AN, Italia"",""cap"":""60022"",""city"":""Castelfidardo"",""province"":""AN"",""country"":""Italia"",""latitude"":""43.46289"",""longitude"":""13.5473"",""biasPoint"":{""addressNumber"":1,""country"":1,""locality"":1,""postalCode"":1,""subRegion"":1,""overall"":1},""manualCoordinates"":false},""address"":{""addressRow"":""VIA IV NOVEMBRE, 9"",""cap"":""60022"",""city"":""CASTELFIDARDO"",""province"":""AN"",""country"":""ITALIA""},""partnerId"":""01306320423"",""locationId"":""0810dff1-cbec-4d3f-b8cb-8e3a998e1cc6"",""description"":""CAAF CGIL QR p/so CRS"",""phoneNumbers"":[""0717823104""],""email"":null,""openingTime"":""Lun 09:00-12:00, 15:30-18:00; Mar 09:00-12:00, 15:30-18:00; Mer 09:00-12:00, 15:30-18:00; Gio 09:00-12:00, 15:30-18:00; Ven 09:00-12:00, 15:30-18:00"",""startValidity"":""2025-04-01"",""endValidity"":null,""externalCodes"":[""00233""],""appointmentRequired"":false,""website"":null,""partnerType"":""CAF"",""creationTimestamp"":""2025-10-16T08:09:12.751+00:00"",""updateTimestamp"":""2026-05-12T09:07:53.543+00:00""}"
0a73e081-8721-4b2e-b07e-5a3153b5e1f1,CAAF CGIL QR p/so CRS,071976527,,Mer 15:30-18:00,2025-04-01,,00169,false,,,"VIA F.LLI Brancondi, 42",60025,LORETO,AN,ITALIA,OK,,"{""normalizedAddress"":{""addressRow"":""Via Fratelli Brancondi, 42, 60025 Loreto AN, Italia"",""cap"":""60025"",""city"":""Loreto"",""province"":""AN"",""country"":""Italia"",""latitude"":""43.4386"",""longitude"":""13.60579"",""biasPoint"":{""addressNumber"":1,""country"":1,""locality"":1,""postalCode"":1,""subRegion"":1,""overall"":0.92},""manualCoordinates"":false},""address"":{""addressRow"":""VIA F.LLI Brancondi, 42"",""cap"":""60025"",""city"":""LORETO"",""province"":""AN"",""country"":""ITALIA""},""partnerId"":""01306320423"",""locationId"":""0a73e081-8721-4b2e-b07e-5a3153b5e1f1"",""description"":""CAAF CGIL QR p/so CRS"",""phoneNumbers"":[""071976527""],""email"":null,""openingTime"":""Mer 15:30-18:00"",""startValidity"":""2025-04-01"",""endValidity"":null,""externalCodes"":[""00169""],""appointmentRequired"":false,""website"":null,""partnerType"":""CAF"",""creationTimestamp"":""2025-10-16T08:09:12.980+00:00"",""updateTimestamp"":""2026-05-12T09:07:53.894+00:00""}"
176acb0b-6656-4b05-ace0-015bedfff73c,CAAF CGIL QR p/so CRS,0732628733,,"Lun 09:00-12:00, 15:00-18:00; Mar 09:00-12:00, 15:00-18:00; Mer 09:00-12:00, 15:00-18:00; Gio 09:00-12:00, 15:00-18:00; Ven 09:00-12:00, 15:00-18:00; Sab 09:00-11:30",2025-04-01,,00092,false,,,VIA DELLE FONTANELLE 4,60044,FABRIANO,AN,ITALIA,OK,,"{""normalizedAddress"":{""addressRow"":""Via delle Fontanelle, 4, 60044 Fabriano AN, Italia"",""cap"":""60044"",""city"":""Fabriano"",""province"":""AN"",""country"":""Italia"",""latitude"":""43.3361"",""longitude"":""12.90048"",""biasPoint"":{""addressNumber"":1,""country"":1,""locality"":1,""postalCode"":1,""subRegion"":1,""overall"":1},""manualCoordinates"":false},""address"":{""addressRow"":""VIA DELLE FONTANELLE 4"",""cap"":""60044"",""city"":""FABRIANO"",""province"":""AN"",""country"":""ITALIA""},""partnerId"":""01306320423"",""locationId"":""176acb0b-6656-4b05-ace0-015bedfff73c"",""description"":""CAAF CGIL QR p/so CRS"",""phoneNumbers"":[""0732628733""],""email"":null,""openingTime"":""Lun 09:00-12:00, 15:00-18:00; Mar 09:00-12:00, 15:00-18:00; Mer 09:00-12:00, 15:00-18:00; Gio 09:00-12:00, 15:00-18:00; Ven 09:00-12:00, 15:00-18:00; Sab 09:00-11:30"",""startValidity"":""2025-04-01"",""endValidity"":null,""externalCodes"":[""00092""],""appointmentRequired"":false,""website"":null,""partnerType"":""CAF"",""creationTimestamp"":""2025-10-16T08:09:13.236+00:00"",""updateTimestamp"":""2026-05-12T09:07:54.424+00:00""}"
9a0b4721-bf0d-4510-9315-df4311ea2493,CAAF CGIL QR p/so CRS,0732959805,,"Lun 09:00-12:30, 14:30-18:00; Mar 09:00-12:30, 14:30-18:00; Mer 09:00-12:30, 14:30-18:00; Gio 09:00-12:30, 14:30-18:00; Ven 14:30-18:00",2025-04-01,,00176,false,,,VIA BRUNO BUOZZI 21/G,60041,SASSOFERRATO,AN,ITALIA,OK,,"{""normalizedAddress"":{""addressRow"":""Viale Bruno Buozzi, 21G, 60041 Sassoferrato AN, Italia"",""cap"":""60041"",""city"":""Sassoferrato"",""province"":""AN"",""country"":""Italia"",""latitude"":""43.43282"",""longitude"":""12.85907"",""biasPoint"":{""addressNumber"":1,""country"":1,""locality"":1,""postalCode"":1,""subRegion"":1,""overall"":0.93},""manualCoordinates"":false},""address"":{""addressRow"":""VIA BRUNO BUOZZI 21/G"",""cap"":""60041"",""city"":""SASSOFERRATO"",""province"":""AN"",""country"":""ITALIA""},""partnerId"":""01306320423"",""locationId"":""9a0b4721-bf0d-4510-9315-df4311ea2493"",""description"":""CAAF CGIL QR p/so CRS"",""phoneNumbers"":[""0732959805""],""email"":null,""openingTime"":""Lun 09:00-12:30, 14:30-18:00; Mar 09:00-12:30, 14:30-18:00; Mer 09:00-12:30, 14:30-18:00; Gio 09:00-12:30, 14:30-18:00; Ven 14:30-18:00"",""startValidity"":""2025-04-01"",""endValidity"":null,""externalCodes"":[""00176""],""appointmentRequired"":false,""website"":null,""partnerType"":""CAF"",""creationTimestamp"":""2025-10-16T08:09:13.465+00:00"",""updateTimestamp"":""2026-05-12T09:07:54.704+00:00""}"
e9cd91a9-5367-4d7c-b9cc-aca41ff9d953,CAAF CGIL QR p/so CRS,0731213175,,Lun 08:45-12:00; Mar 08:45-12:00; Mer 08:45-12:00; Gio 08:45-12:00; Ven 08:45-12:00,2025-04-01,,00098,false,,,"VIA COLOCCI, 18 BIS",60035,JESI,AN,ITALIA,OK,,"{""normalizedAddress"":{""addressRow"":""Via Antonio Colocci, 18, 60035 Jesi AN, Italia"",""cap"":""60035"",""city"":""Jesi"",""province"":""AN"",""country"":""Italia"",""latitude"":""43.51996"",""longitude"":""13.24938"",""biasPoint"":{""addressNumber"":1,""country"":1,""locality"":1,""postalCode"":1,""subRegion"":1,""overall"":0.9},""manualCoordinates"":false},""address"":{""addressRow"":""VIA COLOCCI, 18 BIS"",""cap"":""60035"",""city"":""JESI"",""province"":""AN"",""country"":""ITALIA""},""partnerId"":""01306320423"",""locationId"":""e9cd91a9-5367-4d7c-b9cc-aca41ff9d953"",""description"":""CAAF CGIL QR p/so CRS"",""phoneNumbers"":[""0731213175""],""email"":null,""openingTime"":""Lun 08:45-12:00; Mar 08:45-12:00; Mer 08:45-12:00; Gio 08:45-12:00; Ven 08:45-12:00"",""startValidity"":""2025-04-01"",""endValidity"":null,""externalCodes"":[""00098""],""appointmentRequired"":false,""website"":null,""partnerType"":""CAF"",""creationTimestamp"":""2025-10-16T08:09:13.666+00:00"",""updateTimestamp"":""2026-05-12T09:07:55.015+00:00""}"
eca3d89d-2060-40c0-8ebd-fc960fcbd6ed,CAAF CGIL QR p/so CRS,0712117980,,"Lun 09:00-12:00; Mar 09:00-12:00, 14:30-18:00; Mer 09:00-12:00, 14:30-18:00; Gio 09:00-12:00, 14:30-18:00; Ven 09:00-12:00; Sab 09:00-12:00",2025-04-01,,00223,false,,,"Via dell'industria , 4/a",60127,ANCONA,AN,ITALIA,OK,,"{""normalizedAddress"":{""addressRow"":""Via dell'Industria, 4A, 60127 Ancona AN, Italia"",""cap"":""60127"",""city"":""Ancona"",""province"":""AN"",""country"":""Italia"",""latitude"":""43.5949"",""longitude"":""13.50399"",""biasPoint"":{""addressNumber"":1,""country"":1,""locality"":1,""postalCode"":1,""subRegion"":1,""overall"":1},""manualCoordinates"":false},""address"":{""addressRow"":""Via dell'industria , 4/a"",""cap"":""60127"",""city"":""ANCONA"",""province"":""AN"",""country"":""ITALIA""},""partnerId"":""01306320423"",""locationId"":""eca3d89d-2060-40c0-8ebd-fc960fcbd6ed"",""description"":""CAAF CGIL QR p/so CRS"",""phoneNumbers"":[""0712117980""],""email"":null,""openingTime"":""Lun 09:00-12:00; Mar 09:00-12:00, 14:30-18:00; Mer 09:00-12:00, 14:30-18:00; Gio 09:00-12:00, 14:30-18:00; Ven 09:00-12:00; Sab 09:00-12:00"",""startValidity"":""2025-04-01"",""endValidity"":null,""externalCodes"":[""00223""],""appointmentRequired"":false,""website"":null,""partnerType"":""CAF"",""creationTimestamp"":""2025-10-16T08:09:13.924+00:00"",""updateTimestamp"":""2026-05-12T09:07:55.422+00:00""}"
4a0f7cee-f9e3-43d0-9a1f-919d75a62f79,CAAF CGIL QR p/so CRS,0712117980,,su appuntamento,2025-04-01,,00095,true,,,"Piazza Salvo d'Acquisto, 41",60131,ANCONA,AN,ITALIA,KO,"{""type"":""Not Found"",""status"":404,""title"":""RADD_REGISTRY_NOT_FOUND"",""detail"":""Punto di ritiro SEND non trovato"",""traceId"":""Self=1-6a02edeb-43eecf6d59ec0edf4578113f;Root=1-6a02edeb-34c723e8515bfbe35067c12a;Parent=04002b89fb399495;Sampled=0"",""timestamp"":""2026-05-12T09:07:55.750084479Z"",""errors"":[]}",
1e17888a-b63f-4dcd-b1ed-15b47bd2cc1a,CAAF CGIL QR p/so CRS,0717451078,,"Lun 09:00-12:00; Mar 09:00-12:00, 14:30-18:00; Mer 09:00-12:00, 14:30-18:00; Gio 09:00-12:00, 14:30-18:00; Ven 09:00-12:00; Sab 09:00-12:00",2025-04-01,,00097,false,,,"Via Giordano Bruno, 27",60033,CHIARAVALLE,AN,ITALIA,OK,,"{""normalizedAddress"":{""addressRow"":""Via Giordano Bruno, 27, 60033 Chiaravalle AN, Italia"",""cap"":""60033"",""city"":""Chiaravalle"",""province"":""AN"",""country"":""Italia"",""latitude"":""43.60193"",""longitude"":""13.3269"",""biasPoint"":{""addressNumber"":1,""country"":1,""locality"":1,""postalCode"":1,""subRegion"":1,""overall"":1},""manualCoordinates"":false},""address"":{""addressRow"":""Via Giordano Bruno, 27"",""cap"":""60033"",""city"":""CHIARAVALLE"",""province"":""AN"",""country"":""ITALIA""},""partnerId"":""01306320423"",""locationId"":""1e17888a-b63f-4dcd-b1ed-15b47bd2cc1a"",""description"":""CAAF CGIL QR p/so CRS"",""phoneNumbers"":[""0717451078""],""email"":null,""openingTime"":""Lun 09:00-12:00; Mar 09:00-12:00, 14:30-18:00; Mer 09:00-12:00, 14:30-18:00; Gio 09:00-12:00, 14:30-18:00; Ven 09:00-12:00; Sab 09:00-12:00"",""startValidity"":""2025-04-01"",""endValidity"":null,""externalCodes"":[""00097""],""appointmentRequired"":false,""website"":null,""partnerType"":""CAF"",""creationTimestamp"":""2025-10-16T08:09:14.402+00:00"",""updateTimestamp"":""2026-05-12T09:07:56.100+00:00""}"
c05285b0-d4da-4bcc-8ccb-4030ac4d717a,CAAF CGIL QR p/so CRS,0719160938,,"Lun 09:00-12:00; Mar 09:00-12:00, 14:30-18:00; Mer 09:00-12:00, 14:30-18:00; Gio 09:00-12:00, 14:30-18:00; Ven 09:00-12:00; Sab 09:00-12:00",2025-04-01,,00179,false,,,"Via Nino Bixio, 118",60015,FALCONARA MARITTIMA,AN,ITALIA,OK,,"{""normalizedAddress"":{""addressRow"":""Via Nino Bixio, 118, 60015 Falconara Marittima AN, Italia"",""cap"":""60015"",""city"":""Falconara Marittima"",""province"":""AN"",""country"":""Italia"",""latitude"":""43.63098"",""longitude"":""13.39379"",""biasPoint"":{""addressNumber"":1,""country"":1,""locality"":1,""postalCode"":1,""subRegion"":1,""overall"":1},""manualCoordinates"":false},""address"":{""addressRow"":""Via Nino Bixio, 118"",""cap"":""60015"",""city"":""FALCONARA MARITTIMA"",""province"":""AN"",""country"":""ITALIA""},""partnerId"":""01306320423"",""locationId"":""c05285b0-d4da-4bcc-8ccb-4030ac4d717a"",""description"":""CAAF CGIL QR p/so CRS"",""phoneNumbers"":[""0719160938""],""email"":null,""openingTime"":""Lun 09:00-12:00; Mar 09:00-12:00, 14:30-18:00; Mer 09:00-12:00, 14:30-18:00; Gio 09:00-12:00, 14:30-18:00; Ven 09:00-12:00; Sab 09:00-12:00"",""startValidity"":""2025-04-01"",""endValidity"":null,""externalCodes"":[""00179""],""appointmentRequired"":false,""website"":null,""partnerType"":""CAF"",""creationTimestamp"":""2025-10-16T08:09:14.628+00:00"",""updateTimestamp"":""2026-05-12T09:07:56.474+00:00""}"
bb5cd28b-0945-434f-9ce9-6bd08f033d80,CAAF CGIL QR p/so CRS,0717923669,,"Lun 09:00-12:00; Mar 09:00-12:00, 15:30-18:30; Mer 09:00-12:00; Ven 09:00-12:00",2025-04-01,,00226,false,,,"Via Mamiani, 4",60019,SENIGALLIA,AN,ITALIA,OK,,"{""normalizedAddress"":{""addressRow"":""Via Terenzio Mamiani, 4, 60019 Senigallia AN, Italia"",""cap"":""60019"",""city"":""Senigallia"",""province"":""AN"",""country"":""Italia"",""latitude"":""43.71771"",""longitude"":""13.2179"",""biasPoint"":{""addressNumber"":1,""country"":1,""locality"":1,""postalCode"":1,""subRegion"":1,""overall"":0.99},""manualCoordinates"":false},""address"":{""addressRow"":""Via Mamiani, 4"",""cap"":""60019"",""city"":""SENIGALLIA"",""province"":""AN"",""country"":""ITALIA""},""partnerId"":""01306320423"",""locationId"":""bb5cd28b-0945-434f-9ce9-6bd08f033d80"",""description"":""CAAF CGIL QR p/so CRS"",""phoneNumbers"":[""0717923669""],""email"":null,""openingTime"":""Lun 09:00-12:00; Mar 09:00-12:00, 15:30-18:30; Mer 09:00-12:00; Ven 09:00-12:00"",""startValidity"":""2025-04-01"",""endValidity"":null,""externalCodes"":[""00226""],""appointmentRequired"":false,""website"":null,""partnerType"":""CAF"",""creationTimestamp"":""2025-10-16T08:09:14.869+00:00"",""updateTimestamp"":""2026-05-12T09:07:56.790+00:00""}"
0f051bbe-6561-4ce5-b73c-eb451c8738ca,CAAF CGIL QR p/so CRS,0736845526,,,2025-04-01,2025-12-09,00147,false,,,"Via Dante, 40",63087,COMUNANZA,AP,ITALIA,OK,,"{""normalizedAddress"":{""addressRow"":""Viale Dante, 40, 63087 Comunanza AP, Italia"",""cap"":""63087"",""city"":""Comunanza"",""province"":""AP"",""country"":""Italia"",""latitude"":""42.95842"",""longitude"":""13.41394"",""biasPoint"":{""addressNumber"":1,""country"":1,""locality"":1,""postalCode"":1,""subRegion"":1,""overall"":0.91},""manualCoordinates"":false},""address"":{""addressRow"":""Via Dante, 40"",""cap"":""63087"",""city"":""COMUNANZA"",""province"":""AP"",""country"":""ITALIA""},""partnerId"":""01306320423"",""locationId"":""0f051bbe-6561-4ce5-b73c-eb451c8738ca"",""description"":""CAAF CGIL QR p/so CRS"",""phoneNumbers"":[""0736845526""],""email"":null,""openingTime"":null,""startValidity"":""2025-04-01"",""endValidity"":""2025-12-09"",""externalCodes"":[""00147""],""appointmentRequired"":false,""website"":null,""partnerType"":""CAF"",""creationTimestamp"":""2025-10-16T08:09:15.084+00:00"",""updateTimestamp"":""2026-05-12T09:07:57.141+00:00""}"
c84370ca-550a-4b2b-9968-4c4b87a36ec2,CAAF CGIL QR p/so CRS,0736848854,,,2025-04-01,,00225,false,,,cesare battisti 85,63857,AMANDOLA,FM,ITALIA,OK,,"{""normalizedAddress"":{""addressRow"":""Via Cesare Battisti, 85, 63857 Amandola FM, Italia"",""cap"":""63857"",""city"":""Amandola"",""province"":""FM"",""country"":""Italia"",""latitude"":""42.97841"",""longitude"":""13.35374"",""biasPoint"":{""addressNumber"":1,""country"":1,""locality"":1,""postalCode"":1,""subRegion"":1,""overall"":1},""manualCoordinates"":false},""address"":{""addressRow"":""cesare battisti 85"",""cap"":""63857"",""city"":""AMANDOLA"",""province"":""FM"",""country"":""ITALIA""},""partnerId"":""01306320423"",""locationId"":""c84370ca-550a-4b2b-9968-4c4b87a36ec2"",""description"":""CAAF CGIL QR p/so CRS"",""phoneNumbers"":[""0736848854""],""email"":null,""openingTime"":null,""startValidity"":""2025-04-01"",""endValidity"":null,""externalCodes"":[""00225""],""appointmentRequired"":false,""website"":null,""partnerType"":""CAF"",""creationTimestamp"":""2025-10-16T08:09:15.278+00:00"",""updateTimestamp"":""2026-05-12T09:07:57.498+00:00""}"
4f6dfa93-41ff-4319-94ea-33958b6046af,CAAF CGIL QR p/so CRS,0734628574,,,2025-04-01,,00197,false,,,contrada campiglione 9/c,63900,FERMO,FM,ITALIA,OK,,"{""normalizedAddress"":{""addressRow"":""Contrada Campiglione, 79, 63900 Fermo FM, Italia"",""cap"":""63900"",""city"":""Fermo"",""province"":""FM"",""country"":""Italia"",""latitude"":""43.17286"",""longitude"":""13.66216"",""biasPoint"":{""addressNumber"":0.3,""country"":1,""locality"":1,""postalCode"":1,""subRegion"":1,""overall"":0.95},""manualCoordinates"":false},""address"":{""addressRow"":""contrada campiglione 9/c"",""cap"":""63900"",""city"":""FERMO"",""province"":""FM"",""country"":""ITALIA""},""partnerId"":""01306320423"",""locationId"":""4f6dfa93-41ff-4319-94ea-33958b6046af"",""description"":""CAAF CGIL QR p/so CRS"",""phoneNumbers"":[""0734628574""],""email"":null,""openingTime"":null,""startValidity"":""2025-04-01"",""endValidity"":null,""externalCodes"":[""00197""],""appointmentRequired"":false,""website"":null,""partnerType"":""CAF"",""creationTimestamp"":""2025-10-16T08:09:15.481+00:00"",""updateTimestamp"":""2026-05-12T09:07:57.848+00:00""}"
10e1daa4-6c37-4d8a-ac1a-d600ad19bed6,CAAF CGIL QR p/so CRS,0734967188,,,2025-04-01,,00153,false,,,via a.volta 14,63833,MONTEGIORGIO,FM,ITALIA,OK,,"{""normalizedAddress"":{""addressRow"":""Via Alessandro Volta, 6, 63833 Montegiorgio FM, Italia"",""cap"":""63833"",""city"":""Montegiorgio"",""province"":""FM"",""country"":""Italia"",""latitude"":""43.11425"",""longitude"":""13.56248"",""biasPoint"":{""addressNumber"":0.92,""country"":1,""locality"":1,""postalCode"":1,""subRegion"":1,""overall"":0.99},""manualCoordinates"":false},""address"":{""addressRow"":""via a.volta 14"",""cap"":""63833"",""city"":""MONTEGIORGIO"",""province"":""FM"",""country"":""ITALIA""},""partnerId"":""01306320423"",""locationId"":""10e1daa4-6c37-4d8a-ac1a-d600ad19bed6"",""description"":""CAAF CGIL QR p/so CRS"",""phoneNumbers"":[""0734967188""],""email"":null,""openingTime"":null,""startValidity"":""2025-04-01"",""endValidity"":null,""externalCodes"":[""00153""],""appointmentRequired"":false,""website"":null,""partnerType"":""CAF"",""creationTimestamp"":""2025-10-16T08:09:15.698+00:00"",""updateTimestamp"":""2026-05-12T09:07:58.348+00:00""}"
3d44d9f2-8d0a-49b8-b909-56bbb4e50a3c,CAAF CGIL QR p/so CRS,0734893675,,,2025-04-01,,00107,false,,,via vittorio veneto 6,63812,MONTEGRANARO,FM,ITALIA,OK,,"{""normalizedAddress"":{""addressRow"":""Via Vittorio Veneto, 6, 63812 Montegranaro FM, Italia"",""cap"":""63812"",""city"":""Montegranaro"",""province"":""FM"",""country"":""Italia"",""latitude"":""43.23412"",""longitude"":""13.6347"",""biasPoint"":{""addressNumber"":1,""country"":1,""locality"":1,""postalCode"":1,""subRegion"":1,""overall"":1},""manualCoordinates"":false},""address"":{""addressRow"":""via vittorio veneto 6"",""cap"":""63812"",""city"":""MONTEGRANARO"",""province"":""FM"",""country"":""ITALIA""},""partnerId"":""01306320423"",""locationId"":""3d44d9f2-8d0a-49b8-b909-56bbb4e50a3c"",""description"":""CAAF CGIL QR p/so CRS"",""phoneNumbers"":[""0734893675""],""email"":null,""openingTime"":null,""startValidity"":""2025-04-01"",""endValidity"":null,""externalCodes"":[""00107""],""appointmentRequired"":false,""website"":null,""partnerType"":""CAF"",""creationTimestamp"":""2025-10-16T08:09:15.893+00:00"",""updateTimestamp"":""2026-05-12T09:07:58.754+00:00""}"
155d3203-c098-4b3a-8e09-192647c8ca76,CAAF CGIL QR p/so CRS,0734687038,,,2025-04-01,,00105,false,,,via panfili 79/d,63822,PORTO SAN GIORGIO,FM,ITALIA,OK,,"{""normalizedAddress"":{""addressRow"":""Via Pio Panfili, 79/d, 63822 Porto San Giorgio FM, Italia"",""cap"":""63822"",""city"":""Porto San Giorgio"",""province"":""FM"",""country"":""Italia"",""latitude"":""43.18088"",""longitude"":""13.79319"",""biasPoint"":{""addressNumber"":1,""country"":1,""locality"":1,""postalCode"":1,""subRegion"":1,""overall"":0.99},""manualCoordinates"":false},""address"":{""addressRow"":""via panfili 79/d"",""cap"":""63822"",""city"":""PORTO SAN GIORGIO"",""province"":""FM"",""country"":""ITALIA""},""partnerId"":""01306320423"",""locationId"":""155d3203-c098-4b3a-8e09-192647c8ca76"",""description"":""CAAF CGIL QR p/so CRS"",""phoneNumbers"":[""0734687038""],""email"":null,""openingTime"":null,""startValidity"":""2025-04-01"",""endValidity"":null,""externalCodes"":[""00105""],""appointmentRequired"":false,""website"":null,""partnerType"":""CAF"",""creationTimestamp"":""2025-10-16T08:09:16.093+00:00"",""updateTimestamp"":""2026-05-12T09:07:59.140+00:00""}"
9d8dc699-a06d-4ec5-aaef-c1b19118cdaf,CAAF CGIL QR p/so CRS,0734877048,,,2025-04-01,,00155,false,,,via torquato tasso 52,63821,PORTO SANT'ELPIDIO,FM,ITALIA,OK,,"{""normalizedAddress"":{""addressRow"":""Via Torquato Tasso, 52, 63821 Porto Sant'Elpidio FM, Italia"",""cap"":""63821"",""city"":""Porto Sant'Elpidio"",""province"":""FM"",""country"":""Italia"",""latitude"":""43.25223"",""longitude"":""13.75924"",""biasPoint"":{""addressNumber"":1,""country"":1,""locality"":1,""postalCode"":1,""subRegion"":1,""overall"":1},""manualCoordinates"":false},""address"":{""addressRow"":""via torquato tasso 52"",""cap"":""63821"",""city"":""PORTO SANT'ELPIDIO"",""province"":""FM"",""country"":""ITALIA""},""partnerId"":""01306320423"",""locationId"":""9d8dc699-a06d-4ec5-aaef-c1b19118cdaf"",""description"":""CAAF CGIL QR p/so CRS"",""phoneNumbers"":[""0734877048""],""email"":null,""openingTime"":null,""startValidity"":""2025-04-01"",""endValidity"":null,""externalCodes"":[""00155""],""appointmentRequired"":false,""website"":null,""partnerType"":""CAF"",""creationTimestamp"":""2025-10-16T08:09:16.325+00:00"",""updateTimestamp"":""2026-05-12T09:08:02.580+00:00""}"
38f1a27f-1716-4c8b-a6ec-dc0bb61900b5,CAAF CGIL QR p/so CRS,0734810030,,,2025-04-01,,00156,false,,,via porta romana 25/b,63811,SANT'ELPIDIO A MARE,FM,ITALIA,OK,,"{""normalizedAddress"":{""addressRow"":""Via Porta Romana, 25B, 63811 Sant'Elpidio a Mare FM, Italia"",""cap"":""63811"",""city"":""Sant'Elpidio a Mare"",""province"":""FM"",""country"":""Italia"",""latitude"":""43.23254"",""longitude"":""13.68503"",""biasPoint"":{""addressNumber"":1,""country"":1,""locality"":1,""postalCode"":1,""subRegion"":1,""overall"":1},""manualCoordinates"":false},""address"":{""addressRow"":""via porta romana 25/b"",""cap"":""63811"",""city"":""SANT'ELPIDIO A MARE"",""province"":""FM"",""country"":""ITALIA""},""partnerId"":""01306320423"",""locationId"":""38f1a27f-1716-4c8b-a6ec-dc0bb61900b5"",""description"":""CAAF CGIL QR p/so CRS"",""phoneNumbers"":[""0734810030""],""email"":null,""openingTime"":null,""startValidity"":""2025-04-01"",""endValidity"":null,""externalCodes"":[""00156""],""appointmentRequired"":false,""website"":null,""partnerType"":""CAF"",""creationTimestamp"":""2025-10-16T08:09:16.603+00:00"",""updateTimestamp"":""2026-05-12T09:08:03.018+00:00""}"
d2618bd4-b058-458f-a3f6-0e7647883df8,CAAF CGIL QR p/so CRS,0733570049,,,2025-04-01,,00157,false,,,"B.GO XX SETTEMBRE, 27",62010,APPIGNANO,MC,ITALIA,OK,,"{""normalizedAddress"":{""addressRow"":""Borgo 20 Settembre, 27, 62010 Appignano MC, Italia"",""cap"":""62010"",""city"":""Appignano"",""province"":""MC"",""country"":""Italia"",""latitude"":""43.36344"",""longitude"":""13.34677"",""biasPoint"":{""addressNumber"":1,""country"":1,""locality"":1,""postalCode"":1,""subRegion"":1,""overall"":1},""manualCoordinates"":false},""address"":{""addressRow"":""B.GO XX SETTEMBRE, 27"",""cap"":""62010"",""city"":""APPIGNANO"",""province"":""MC"",""country"":""ITALIA""},""partnerId"":""01306320423"",""locationId"":""d2618bd4-b058-458f-a3f6-0e7647883df8"",""description"":""CAAF CGIL QR p/so CRS"",""phoneNumbers"":[""0733570049""],""email"":null,""openingTime"":null,""startValidity"":""2025-04-01"",""endValidity"":null,""externalCodes"":[""00157""],""appointmentRequired"":false,""website"":null,""partnerType"":""CAF"",""creationTimestamp"":""2025-10-16T08:09:16.812+00:00"",""updateTimestamp"":""2026-05-12T09:08:03.393+00:00""}"
7c83df9d-d1d2-4b53-93b9-f77b296d9a65,CAAF CGIL QR p/so CRS,0737630187,,,2025-04-01,,00224,false,,,Via Benedetto XIII Località San Paolo,62032,CAMERINO,MC,ITALIA,OK,,"{""normalizedAddress"":{""addressRow"":""Via Benedetto XIII, 62032 Camerino MC, Italia"",""cap"":""62032"",""city"":""Camerino"",""province"":""MC"",""country"":""Italia"",""latitude"":""43.14717"",""longitude"":""13.05887"",""biasPoint"":{""addressNumber"":null,""country"":1,""locality"":1,""postalCode"":1,""subRegion"":1,""overall"":0.7},""manualCoordinates"":false},""address"":{""addressRow"":""Via Benedetto XIII Località San Paolo"",""cap"":""62032"",""city"":""CAMERINO"",""province"":""MC"",""country"":""ITALIA""},""partnerId"":""01306320423"",""locationId"":""7c83df9d-d1d2-4b53-93b9-f77b296d9a65"",""description"":""CAAF CGIL QR p/so CRS"",""phoneNumbers"":[""0737630187""],""email"":null,""openingTime"":null,""startValidity"":""2025-04-01"",""endValidity"":null,""externalCodes"":[""00224""],""appointmentRequired"":false,""website"":null,""partnerType"":""CAF"",""creationTimestamp"":""2025-10-16T08:09:17.045+00:00"",""updateTimestamp"":""2026-05-12T09:08:07.265+00:00""}"
8fef6fbc-cde8-4663-8726-81440bdd2659,CAAF CGIL QR p/so CRS,0733604064,,,2025-04-01,,00159,false,,,CORSO CAVOUR 9,62011,CINGOLI,MC,ITALIA,OK,,"{""normalizedAddress"":{""addressRow"":""Via Camillo Benso di Cavour, 9, 62011 Cingoli MC, Italia"",""cap"":""62011"",""city"":""Cingoli"",""province"":""MC"",""country"":""Italia"",""latitude"":""43.37531"",""longitude"":""13.21589"",""biasPoint"":{""addressNumber"":1,""country"":1,""locality"":1,""postalCode"":1,""subRegion"":1,""overall"":0.83},""manualCoordinates"":false},""address"":{""addressRow"":""CORSO CAVOUR 9"",""cap"":""62011"",""city"":""CINGOLI"",""province"":""MC"",""country"":""ITALIA""},""partnerId"":""01306320423"",""locationId"":""8fef6fbc-cde8-4663-8726-81440bdd2659"",""description"":""CAAF CGIL QR p/so CRS"",""phoneNumbers"":[""0733604064""],""email"":null,""openingTime"":null,""startValidity"":""2025-04-01"",""endValidity"":null,""externalCodes"":[""00159""],""appointmentRequired"":false,""website"":null,""partnerType"":""CAF"",""creationTimestamp"":""2025-10-16T08:09:17.252+00:00"",""updateTimestamp"":""2026-05-12T09:08:07.602+00:00""}"
44c90ca7-5706-4233-9382-8908143fda87,CAAF CGIL QR p/so CRS,0733810466,,,2025-04-01,,00139,false,,,"CORSO DALMAZIA, 142",62012,CIVITANOVA MARCHE,MC,ITALIA,OK,,"{""normalizedAddress"":{""addressRow"":""Corso Dalmazia, 142, 62012 Civitanova Marche MC, Italia"",""cap"":""62012"",""city"":""Civitanova Marche"",""province"":""MC"",""country"":""Italia"",""latitude"":""43.31063"",""longitude"":""13.72731"",""biasPoint"":{""addressNumber"":1,""country"":1,""locality"":1,""postalCode"":1,""subRegion"":1,""overall"":1},""manualCoordinates"":false},""address"":{""addressRow"":""CORSO DALMAZIA, 142"",""cap"":""62012"",""city"":""CIVITANOVA MARCHE"",""province"":""MC"",""country"":""ITALIA""},""partnerId"":""01306320423"",""locationId"":""44c90ca7-5706-4233-9382-8908143fda87"",""description"":""CAAF CGIL QR p/so CRS"",""phoneNumbers"":[""0733810466""],""email"":null,""openingTime"":null,""startValidity"":""2025-04-01"",""endValidity"":null,""externalCodes"":[""00139""],""appointmentRequired"":false,""website"":null,""partnerType"":""CAF"",""creationTimestamp"":""2025-10-16T08:09:17.496+00:00"",""updateTimestamp"":""2026-05-12T09:08:07.950+00:00""}"
c5142a42-244b-484b-a77f-a2316eb5c7cf,CAAF CGIL QR p/so CRS,0733432576,,,2025-04-01,,00160,false,,,"VIA SANTA CROCE, 87",62014,CORRIDONIA,MC,ITALIA,OK,,"{""normalizedAddress"":{""addressRow"":""Via Santa Croce, 87, 62014 Corridonia MC, Italia"",""cap"":""62014"",""city"":""Corridonia"",""province"":""MC"",""country"":""Italia"",""latitude"":""43.24701"",""longitude"":""13.51009"",""biasPoint"":{""addressNumber"":1,""country"":1,""locality"":1,""postalCode"":1,""subRegion"":1,""overall"":1},""manualCoordinates"":false},""address"":{""addressRow"":""VIA SANTA CROCE, 87"",""cap"":""62014"",""city"":""CORRIDONIA"",""province"":""MC"",""country"":""ITALIA""},""partnerId"":""01306320423"",""locationId"":""c5142a42-244b-484b-a77f-a2316eb5c7cf"",""description"":""CAAF CGIL QR p/so CRS"",""phoneNumbers"":[""0733432576""],""email"":null,""openingTime"":null,""startValidity"":""2025-04-01"",""endValidity"":null,""externalCodes"":[""00160""],""appointmentRequired"":false,""website"":null,""partnerType"":""CAF"",""creationTimestamp"":""2025-10-16T08:09:17.731+00:00"",""updateTimestamp"":""2026-05-12T09:08:08.378+00:00""}"
3c0de80b-8ee6-4c6a-8886-a4d586beea26,CAAF CGIL QR p/so CRS,073785806,,,2025-04-01,,00142,false,,,"SPIAZZO BEATA MATTIA, 11",62024,MATELICA,MC,ITALIA,OK,,"{""normalizedAddress"":{""addressRow"":""Spiazzo Mattia Beata, 11, 62024 Matelica MC, Italia"",""cap"":""62024"",""city"":""Matelica"",""province"":""MC"",""country"":""Italia"",""latitude"":""43.2534"",""longitude"":""13.00838"",""biasPoint"":{""addressNumber"":1,""country"":1,""locality"":1,""postalCode"":1,""subRegion"":1,""overall"":1},""manualCoordinates"":false},""address"":{""addressRow"":""SPIAZZO BEATA MATTIA, 11"",""cap"":""62024"",""city"":""MATELICA"",""province"":""MC"",""country"":""ITALIA""},""partnerId"":""01306320423"",""locationId"":""3c0de80b-8ee6-4c6a-8886-a4d586beea26"",""description"":""CAAF CGIL QR p/so CRS"",""phoneNumbers"":[""073785806""],""email"":null,""openingTime"":null,""startValidity"":""2025-04-01"",""endValidity"":null,""externalCodes"":[""00142""],""appointmentRequired"":false,""website"":null,""partnerType"":""CAF"",""creationTimestamp"":""2025-10-16T08:09:17.934+00:00"",""updateTimestamp"":""2026-05-12T09:08:08.814+00:00""}"
d6af02f8-e2f6-4afc-a892-4db34a704b1b,CAAF CGIL QR p/so CRS,0733530653,,,2025-04-01,,00161,false,,,VIA DELLA COSTITUZIONE 5,62015,MONTE SAN GIUSTO,MC,ITALIA,OK,,"{""normalizedAddress"":{""addressRow"":""Corso Costituzione, 5, 62015 Monte San Giusto MC, Italia"",""cap"":""62015"",""city"":""Monte San Giusto"",""province"":""MC"",""country"":""Italia"",""latitude"":""43.23681"",""longitude"":""13.59435"",""biasPoint"":{""addressNumber"":1,""country"":1,""locality"":1,""postalCode"":1,""subRegion"":1,""overall"":0.83},""manualCoordinates"":false},""address"":{""addressRow"":""VIA DELLA COSTITUZIONE 5"",""cap"":""62015"",""city"":""MONTE SAN GIUSTO"",""province"":""MC"",""country"":""ITALIA""},""partnerId"":""01306320423"",""locationId"":""d6af02f8-e2f6-4afc-a892-4db34a704b1b"",""description"":""CAAF CGIL QR p/so CRS"",""phoneNumbers"":[""0733530653""],""email"":null,""openingTime"":null,""startValidity"":""2025-04-01"",""endValidity"":null,""externalCodes"":[""00161""],""appointmentRequired"":false,""website"":null,""partnerType"":""CAF"",""creationTimestamp"":""2025-10-16T08:09:18.164+00:00"",""updateTimestamp"":""2026-05-12T09:08:09.355+00:00""}"
ddf41253-f97e-4479-b59e-a9722bb57d29,CAAF CGIL QR p/so CRS,0733865838,,,2025-04-01,,00143,false,,,VIA TIZIANO 10,62010,MORROVALLE,MC,ITALIA,OK,,"{""normalizedAddress"":{""addressRow"":""Via Tiziano, 10, 62010 Morrovalle MC, Italia"",""cap"":""62010"",""city"":""Morrovalle"",""province"":""MC"",""country"":""Italia"",""latitude"":""43.27536"",""longitude"":""13.59069"",""biasPoint"":{""addressNumber"":1,""country"":1,""locality"":1,""postalCode"":1,""subRegion"":1,""overall"":1},""manualCoordinates"":false},""address"":{""addressRow"":""VIA TIZIANO 10"",""cap"":""62010"",""city"":""MORROVALLE"",""province"":""MC"",""country"":""ITALIA""},""partnerId"":""01306320423"",""locationId"":""ddf41253-f97e-4479-b59e-a9722bb57d29"",""description"":""CAAF CGIL QR p/so CRS"",""phoneNumbers"":[""0733865838""],""email"":null,""openingTime"":null,""startValidity"":""2025-04-01"",""endValidity"":null,""externalCodes"":[""00143""],""appointmentRequired"":false,""website"":null,""partnerType"":""CAF"",""creationTimestamp"":""2025-10-16T08:09:18.362+00:00"",""updateTimestamp"":""2026-05-12T09:08:09.897+00:00""}"
55409c9f-9c9b-44b0-8701-2c749e30f376,CAAF CGIL QR p/so CRS,0737646281,,,2025-04-01,,00162,false,,,BIVIO MADDALENA 33,62034,MUCCIA,MC,ITALIA,OK,,"{""normalizedAddress"":{""addressRow"":""Frazione Maddalena, 33, 62034 Muccia MC, Italia"",""cap"":""62034"",""city"":""Muccia"",""province"":""MC"",""country"":""Italia"",""latitude"":""43.07581"",""longitude"":""13.06125"",""biasPoint"":{""addressNumber"":1,""country"":1,""locality"":1,""postalCode"":1,""subRegion"":1,""overall"":0.86},""manualCoordinates"":false},""address"":{""addressRow"":""BIVIO MADDALENA 33"",""cap"":""62034"",""city"":""MUCCIA"",""province"":""MC"",""country"":""ITALIA""},""partnerId"":""01306320423"",""locationId"":""55409c9f-9c9b-44b0-8701-2c749e30f376"",""description"":""CAAF CGIL QR p/so CRS"",""phoneNumbers"":[""0737646281""],""email"":null,""openingTime"":null,""startValidity"":""2025-04-01"",""endValidity"":null,""externalCodes"":[""00162""],""appointmentRequired"":false,""website"":null,""partnerType"":""CAF"",""creationTimestamp"":""2025-10-16T08:09:18.562+00:00"",""updateTimestamp"":""2026-05-12T09:08:10.313+00:00""}"
ddd39936-4d71-45b1-b38b-c6da15c1ad5a,CAAF CGIL QR p/so CRS,0733880013,,,2025-04-01,,00211,false,,,VIA REGINA MARGHERITA 174,62018,POTENZA PICENA,MC,ITALIA,OK,,"{""normalizedAddress"":{""addressRow"":""Viale Regina Margherita, 174, 62018 Potenza Picena MC, Italia"",""cap"":""62018"",""city"":""Potenza Picena"",""province"":""MC"",""country"":""Italia"",""latitude"":""43.35768"",""longitude"":""13.69793"",""biasPoint"":{""addressNumber"":1,""country"":1,""locality"":1,""postalCode"":1,""subRegion"":1,""overall"":0.94},""manualCoordinates"":false},""address"":{""addressRow"":""VIA REGINA MARGHERITA 174"",""cap"":""62018"",""city"":""POTENZA PICENA"",""province"":""MC"",""country"":""ITALIA""},""partnerId"":""01306320423"",""locationId"":""ddd39936-4d71-45b1-b38b-c6da15c1ad5a"",""description"":""CAAF CGIL QR p/so CRS"",""phoneNumbers"":[""0733880013""],""email"":null,""openingTime"":null,""startValidity"":""2025-04-01"",""endValidity"":null,""externalCodes"":[""00211""],""appointmentRequired"":false,""website"":null,""partnerType"":""CAF"",""creationTimestamp"":""2025-10-16T08:09:18.766+00:00"",""updateTimestamp"":""2026-05-12T09:08:10.659+00:00""}"
6f9f7da9-4508-466f-b5e8-49f52f726152,CAAF CGIL QR p/so CRS,0717592698,,,2025-04-01,,00231,false,,,"VIALE GRAMSCI ,63",62017,PORTO RECANATI,MC,ITALIA,OK,,"{""normalizedAddress"":{""addressRow"":""Viale Antonio Gramsci, 63, 62017 Porto Recanati MC, Italia"",""cap"":""62017"",""city"":""Porto Recanati"",""province"":""MC"",""country"":""Italia"",""latitude"":""43.4281"",""longitude"":""13.66248"",""biasPoint"":{""addressNumber"":1,""country"":1,""locality"":1,""postalCode"":1,""subRegion"":1,""overall"":0.99},""manualCoordinates"":false},""address"":{""addressRow"":""VIALE GRAMSCI ,63"",""cap"":""62017"",""city"":""PORTO RECANATI"",""province"":""MC"",""country"":""ITALIA""},""partnerId"":""01306320423"",""locationId"":""6f9f7da9-4508-466f-b5e8-49f52f726152"",""description"":""CAAF CGIL QR p/so CRS"",""phoneNumbers"":[""0717592698""],""email"":null,""openingTime"":null,""startValidity"":""2025-04-01"",""endValidity"":null,""externalCodes"":[""00231""],""appointmentRequired"":false,""website"":null,""partnerType"":""CAF"",""creationTimestamp"":""2025-10-16T08:09:18.978+00:00"",""updateTimestamp"":""2026-05-12T09:08:11.155+00:00""}"
0705539e-e0fe-4ab9-a4ed-68fae84cd3f1,CAAF CGIL QR p/so CRS,0717570421,,,2025-04-01,,00140,false,,,VIA VOGEL,62019,RECANATI,MC,ITALIA,OK,,"{""normalizedAddress"":{""addressRow"":""Via Joseph Anton Vogel, 62019 Recanati MC, Italia"",""cap"":""62019"",""city"":""Recanati"",""province"":""MC"",""country"":""Italia"",""latitude"":""43.39616"",""longitude"":""13.55641"",""biasPoint"":{""addressNumber"":null,""country"":1,""locality"":1,""postalCode"":1,""subRegion"":1,""overall"":0.99},""manualCoordinates"":false},""address"":{""addressRow"":""VIA VOGEL"",""cap"":""62019"",""city"":""RECANATI"",""province"":""MC"",""country"":""ITALIA""},""partnerId"":""01306320423"",""locationId"":""0705539e-e0fe-4ab9-a4ed-68fae84cd3f1"",""description"":""CAAF CGIL QR p/so CRS"",""phoneNumbers"":[""0717570421""],""email"":null,""openingTime"":null,""startValidity"":""2025-04-01"",""endValidity"":null,""externalCodes"":[""00140""],""appointmentRequired"":false,""website"":null,""partnerType"":""CAF"",""creationTimestamp"":""2025-10-16T08:09:19.166+00:00"",""updateTimestamp"":""2026-05-12T09:08:11.528+00:00""}"
ac4858fa-7fe1-465f-ae7d-912d218e03fa,CAAF CGIL QR p/so CRS,0733639245,,,2025-04-01,,00165,false,,,VIA MAZZINI 23,62027,SAN SEVERINO MARCHE,MC,ITALIA,OK,,"{""normalizedAddress"":{""addressRow"":""Viale Giuseppe Mazzini, 23, 62027 San Severino Marche MC, Italia"",""cap"":""62027"",""city"":""San Severino Marche"",""province"":""MC"",""country"":""Italia"",""latitude"":""43.22892"",""longitude"":""13.18402"",""biasPoint"":{""addressNumber"":1,""country"":1,""locality"":1,""postalCode"":1,""subRegion"":1,""overall"":0.92},""manualCoordinates"":false},""address"":{""addressRow"":""VIA MAZZINI 23"",""cap"":""62027"",""city"":""SAN SEVERINO MARCHE"",""province"":""MC"",""country"":""ITALIA""},""partnerId"":""01306320423"",""locationId"":""ac4858fa-7fe1-465f-ae7d-912d218e03fa"",""description"":""CAAF CGIL QR p/so CRS"",""phoneNumbers"":[""0733639245""],""email"":null,""openingTime"":null,""startValidity"":""2025-04-01"",""endValidity"":null,""externalCodes"":[""00165""],""appointmentRequired"":false,""website"":null,""partnerType"":""CAF"",""creationTimestamp"":""2025-10-16T08:09:19.373+00:00"",""updateTimestamp"":""2026-05-12T09:08:12.062+00:00""}"
759d7775-ef85-4391-a1b6-58f4fb863322,CAAF CGIL QR p/so CRS,0733973352,,,2025-04-01,,00141,false,,,VIA VALPORRO 42,62029,TOLENTINO,MC,ITALIA,OK,,"{""normalizedAddress"":{""addressRow"":""Via Valporro, 42, 62029 Tolentino MC, Italia"",""cap"":""62029"",""city"":""Tolentino"",""province"":""MC"",""country"":""Italia"",""latitude"":""43.21029"",""longitude"":""13.28634"",""biasPoint"":{""addressNumber"":1,""country"":1,""locality"":1,""postalCode"":1,""subRegion"":1,""overall"":1},""manualCoordinates"":false},""address"":{""addressRow"":""VIA VALPORRO 42"",""cap"":""62029"",""city"":""TOLENTINO"",""province"":""MC"",""country"":""ITALIA""},""partnerId"":""01306320423"",""locationId"":""759d7775-ef85-4391-a1b6-58f4fb863322"",""description"":""CAAF CGIL QR p/so CRS"",""phoneNumbers"":[""0733973352""],""email"":null,""openingTime"":null,""startValidity"":""2025-04-01"",""endValidity"":null,""externalCodes"":[""00141""],""appointmentRequired"":false,""website"":null,""partnerType"":""CAF"",""creationTimestamp"":""2025-10-16T08:09:19.550+00:00"",""updateTimestamp"":""2026-05-12T09:08:12.540+00:00""}"
d6d77ba2-731f-4da3-abc0-fc752ac7ea8e,CAAF CGIL QR p/so CRS,0733245711,,,2025-04-01,,00138,false,,,VIA GARIBALDI 77,62100,MACERATA,MC,ITALIA,OK,,"{""normalizedAddress"":{""addressRow"":""Via Giuseppe Garibaldi, 77, 62100 Macerata MC, Italia"",""cap"":""62100"",""city"":""Macerata"",""province"":""MC"",""country"":""Italia"",""latitude"":""43.30093"",""longitude"":""13.44801"",""biasPoint"":{""addressNumber"":1,""country"":1,""locality"":1,""postalCode"":1,""subRegion"":1,""overall"":0.99},""manualCoordinates"":false},""address"":{""addressRow"":""VIA GARIBALDI 77"",""cap"":""62100"",""city"":""MACERATA"",""province"":""MC"",""country"":""ITALIA""},""partnerId"":""01306320423"",""locationId"":""d6d77ba2-731f-4da3-abc0-fc752ac7ea8e"",""description"":""CAAF CGIL QR p/so CRS"",""phoneNumbers"":[""0733245711""],""email"":null,""openingTime"":null,""startValidity"":""2025-04-01"",""endValidity"":null,""externalCodes"":[""00138""],""appointmentRequired"":false,""website"":null,""partnerType"":""CAF"",""creationTimestamp"":""2025-10-16T08:09:19.752+00:00"",""updateTimestamp"":""2026-05-12T09:08:12.938+00:00""}"
eff3a7b7-c053-4b06-971e-d51c7274158e,CAAF CGIL QR p/so CRS,0733663146,,,2025-04-01,,00200,false,,,S.S. PICENA 31,62020,SANT'ANGELO IN PONTANO,MC,ITALIA,OK,,"{""normalizedAddress"":{""addressRow"":""Strada Statale Picena, 31, 62020 Sant'Angelo in Pontano MC, Italia"",""cap"":""62020"",""city"":""Sant'Angelo in Pontano"",""province"":""MC"",""country"":""Italia"",""latitude"":""43.11034"",""longitude"":""13.36626"",""biasPoint"":{""addressNumber"":1,""country"":1,""locality"":1,""postalCode"":1,""subRegion"":1,""overall"":0.95},""manualCoordinates"":false},""address"":{""addressRow"":""S.S. PICENA 31"",""cap"":""62020"",""city"":""SANT'ANGELO IN PONTANO"",""province"":""MC"",""country"":""ITALIA""},""partnerId"":""01306320423"",""locationId"":""eff3a7b7-c053-4b06-971e-d51c7274158e"",""description"":""CAAF CGIL QR p/so CRS"",""phoneNumbers"":[""0733663146""],""email"":null,""openingTime"":null,""startValidity"":""2025-04-01"",""endValidity"":null,""externalCodes"":[""00200""],""appointmentRequired"":false,""website"":null,""partnerType"":""CAF"",""creationTimestamp"":""2025-10-16T08:09:20.007+00:00"",""updateTimestamp"":""2026-05-12T09:08:14.417+00:00""}"
4c4db43e-18a2-4054-a9bc-8fd349857089,CAAF CGIL QR p/so CRS,0737889823,,,2025-04-01,,00210,false,,,Via Fonte Bianco 22/23,62024,ESANATOGLIA,MC,ITALIA,OK,,"{""normalizedAddress"":{""addressRow"":""Viale Fontebianco, 22, 62024 Esanatoglia MC, Italia"",""cap"":""62024"",""city"":""Esanatoglia"",""province"":""MC"",""country"":""Italia"",""latitude"":""43.25474"",""longitude"":""12.94844"",""biasPoint"":{""addressNumber"":1,""country"":1,""locality"":1,""postalCode"":1,""subRegion"":1,""overall"":0.88},""manualCoordinates"":false},""address"":{""addressRow"":""Via Fonte Bianco 22/23"",""cap"":""62024"",""city"":""ESANATOGLIA"",""province"":""MC"",""country"":""ITALIA""},""partnerId"":""01306320423"",""locationId"":""4c4db43e-18a2-4054-a9bc-8fd349857089"",""description"":""CAAF CGIL QR p/so CRS"",""phoneNumbers"":[""0737889823""],""email"":null,""openingTime"":null,""startValidity"":""2025-04-01"",""endValidity"":null,""externalCodes"":[""00210""],""appointmentRequired"":false,""website"":null,""partnerType"":""CAF"",""creationTimestamp"":""2025-10-16T08:09:20.257+00:00"",""updateTimestamp"":""2026-05-12T09:08:14.820+00:00""}"
b847301d-249c-473b-8f61-52f492d7bdc1,CAAF CGIL QR p/so CRS,072167941,,,2025-04-01,,00227,false,,,VIA ANDREA COSTA 54,61122,PESARO,PU,ITALIA,OK,,"{""normalizedAddress"":{""addressRow"":""Via Andrea Costa, 54, 61122 Pesaro PU, Italia"",""cap"":""61122"",""city"":""Pesaro"",""province"":""PU"",""country"":""Italia"",""latitude"":""43.89906"",""longitude"":""12.90154"",""biasPoint"":{""addressNumber"":1,""country"":1,""locality"":1,""postalCode"":1,""subRegion"":1,""overall"":1},""manualCoordinates"":false},""address"":{""addressRow"":""VIA ANDREA COSTA 54"",""cap"":""61122"",""city"":""PESARO"",""province"":""PU"",""country"":""ITALIA""},""partnerId"":""01306320423"",""locationId"":""b847301d-249c-473b-8f61-52f492d7bdc1"",""description"":""CAAF CGIL QR p/so CRS"",""phoneNumbers"":[""072167941""],""email"":null,""openingTime"":null,""startValidity"":""2025-04-01"",""endValidity"":null,""externalCodes"":[""00227""],""appointmentRequired"":false,""website"":null,""partnerType"":""CAF"",""creationTimestamp"":""2025-10-16T08:09:20.464+00:00"",""updateTimestamp"":""2026-05-12T09:08:15.379+00:00""}"
78cca807-588b-4db7-9fd2-a47f62415f98,CAAF CGIL QR p/so CRS,0721282066,,,2025-04-01,,00219,false,,,VIA VALERIO 3,61122,PESARO,PU,ITALIA,OK,,"{""normalizedAddress"":{""addressRow"":""Via Lorenzo Valerio, 3, 61122 Pesaro PU, Italia"",""cap"":""61122"",""city"":""Pesaro"",""province"":""PU"",""country"":""Italia"",""latitude"":""43.88342"",""longitude"":""12.87002"",""biasPoint"":{""addressNumber"":1,""country"":1,""locality"":1,""postalCode"":1,""subRegion"":1,""overall"":0.99},""manualCoordinates"":false},""address"":{""addressRow"":""VIA VALERIO 3"",""cap"":""61122"",""city"":""PESARO"",""province"":""PU"",""country"":""ITALIA""},""partnerId"":""01306320423"",""locationId"":""78cca807-588b-4db7-9fd2-a47f62415f98"",""description"":""CAAF CGIL QR p/so CRS"",""phoneNumbers"":[""0721282066""],""email"":null,""openingTime"":null,""startValidity"":""2025-04-01"",""endValidity"":null,""externalCodes"":[""00219""],""appointmentRequired"":false,""website"":null,""partnerType"":""CAF"",""creationTimestamp"":""2025-10-16T08:09:20.656+00:00"",""updateTimestamp"":""2026-05-12T09:08:15.737+00:00""}"
908a9a24-205f-41df-ab10-1784f3989d15,CAAF CGIL QR p/so CRS,0721781978,,,2025-04-01,,00220,false,,,VIA DON MINZONI 44,61043,CAGLI,PU,ITALIA,OK,,"{""normalizedAddress"":{""addressRow"":""Via Don Giovanni Minzoni, 44, 61043 Cagli PU, Italia"",""cap"":""61043"",""city"":""Cagli"",""province"":""PU"",""country"":""Italia"",""latitude"":""43.5454"",""longitude"":""12.64414"",""biasPoint"":{""addressNumber"":1,""country"":1,""locality"":1,""postalCode"":1,""subRegion"":1,""overall"":0.99},""manualCoordinates"":false},""address"":{""addressRow"":""VIA DON MINZONI 44"",""cap"":""61043"",""city"":""CAGLI"",""province"":""PU"",""country"":""ITALIA""},""partnerId"":""01306320423"",""locationId"":""908a9a24-205f-41df-ab10-1784f3989d15"",""description"":""CAAF CGIL QR p/so CRS"",""phoneNumbers"":[""0721781978""],""email"":null,""openingTime"":null,""startValidity"":""2025-04-01"",""endValidity"":null,""externalCodes"":[""00220""],""appointmentRequired"":false,""website"":null,""partnerType"":""CAF"",""creationTimestamp"":""2025-10-16T08:09:20.871+00:00"",""updateTimestamp"":""2026-05-12T09:08:18.008+00:00""}"
5b091d2a-c108-4a74-b5a0-80c5b67a0454,CAAF CGIL QR p/so CRS,0721891917,,,2025-04-01,,00201,false,,,VIA VILLAFRANCA 7/9,61036,COLLI AL METAURO,PU,ITALIA,OK,,"{""normalizedAddress"":{""addressRow"":""Via Villafranca, 7, 61036 Colli al Metauro PU, Italia"",""cap"":""61036"",""city"":""Colli al Metauro"",""province"":""PU"",""country"":""Italia"",""latitude"":""43.75312"",""longitude"":""12.92099"",""biasPoint"":{""addressNumber"":1,""country"":1,""locality"":1,""postalCode"":1,""subRegion"":1,""overall"":0.98},""manualCoordinates"":false},""address"":{""addressRow"":""VIA VILLAFRANCA 7/9"",""cap"":""61036"",""city"":""COLLI AL METAURO"",""province"":""PU"",""country"":""ITALIA""},""partnerId"":""01306320423"",""locationId"":""5b091d2a-c108-4a74-b5a0-80c5b67a0454"",""description"":""CAAF CGIL QR p/so CRS"",""phoneNumbers"":[""0721891917""],""email"":null,""openingTime"":null,""startValidity"":""2025-04-01"",""endValidity"":null,""externalCodes"":[""00201""],""appointmentRequired"":false,""website"":null,""partnerType"":""CAF"",""creationTimestamp"":""2025-10-16T08:09:21.093+00:00"",""updateTimestamp"":""2026-05-12T09:08:18.451+00:00""}"
75d3ba27-c20a-4bad-9ba0-f5ba6c8ccb22,CAAF CGIL QR p/so CRS,0721830628,,,2025-04-01,,00222,false,,,VIA ROMA 93/A,61032,FANO,PU,ITALIA,OK,,"{""normalizedAddress"":{""addressRow"":""Via Roma, 93A, 61032 Fano PU, Italia"",""cap"":""61032"",""city"":""Fano"",""province"":""PU"",""country"":""Italia"",""latitude"":""43.84019"",""longitude"":""13.01112"",""biasPoint"":{""addressNumber"":1,""country"":1,""locality"":1,""postalCode"":1,""subRegion"":1,""overall"":1},""manualCoordinates"":false},""address"":{""addressRow"":""VIA ROMA 93/A"",""cap"":""61032"",""city"":""FANO"",""province"":""PU"",""country"":""ITALIA""},""partnerId"":""01306320423"",""locationId"":""75d3ba27-c20a-4bad-9ba0-f5ba6c8ccb22"",""description"":""CAAF CGIL QR p/so CRS"",""phoneNumbers"":[""0721830628""],""email"":null,""openingTime"":null,""startValidity"":""2025-04-01"",""endValidity"":null,""externalCodes"":[""00222""],""appointmentRequired"":false,""website"":null,""partnerType"":""CAF"",""creationTimestamp"":""2025-10-16T08:09:21.284+00:00"",""updateTimestamp"":""2026-05-12T09:08:18.932+00:00""}"
03c66fbd-1b8c-4b77-aaf4-8149d44ea531,CAAF CGIL QR p/so CRS,0722331967,,,2025-04-01,,00123,false,,,VIA MAZZINI 1,61033,FERMIGNANO,PU,ITALIA,OK,,"{""normalizedAddress"":{""addressRow"":""Via Giuseppe Mazzini, 1, 61033 Fermignano PU, Italia"",""cap"":""61033"",""city"":""Fermignano"",""province"":""PU"",""country"":""Italia"",""latitude"":""43.6766"",""longitude"":""12.64513"",""biasPoint"":{""addressNumber"":1,""country"":1,""locality"":1,""postalCode"":1,""subRegion"":1,""overall"":0.99},""manualCoordinates"":false},""address"":{""addressRow"":""VIA MAZZINI 1"",""cap"":""61033"",""city"":""FERMIGNANO"",""province"":""PU"",""country"":""ITALIA""},""partnerId"":""01306320423"",""locationId"":""03c66fbd-1b8c-4b77-aaf4-8149d44ea531"",""description"":""CAAF CGIL QR p/so CRS"",""phoneNumbers"":[""0722331967""],""email"":null,""openingTime"":null,""startValidity"":""2025-04-01"",""endValidity"":null,""externalCodes"":[""00123""],""appointmentRequired"":false,""website"":null,""partnerType"":""CAF"",""creationTimestamp"":""2025-10-16T08:09:21.481+00:00"",""updateTimestamp"":""2026-05-12T09:08:19.288+00:00""}"
a09e6761-6d97-4b60-aad9-3e9fa7a490f6,CAAF CGIL QR p/so CRS,0721715069,,,2025-04-01,,00120,false,,,VIA GIGANTI 16,61034,FOSSOMBRONE,PU,ITALIA,OK,,"{""normalizedAddress"":{""addressRow"":""Via Girolamo Giganti, 16, 61034 Fossombrone PU, Italia"",""cap"":""61034"",""city"":""Fossombrone"",""province"":""PU"",""country"":""Italia"",""latitude"":""43.68879"",""longitude"":""12.80662"",""biasPoint"":{""addressNumber"":1,""country"":1,""locality"":1,""postalCode"":1,""subRegion"":1,""overall"":0.99},""manualCoordinates"":false},""address"":{""addressRow"":""VIA GIGANTI 16"",""cap"":""61034"",""city"":""FOSSOMBRONE"",""province"":""PU"",""country"":""ITALIA""},""partnerId"":""01306320423"",""locationId"":""a09e6761-6d97-4b60-aad9-3e9fa7a490f6"",""description"":""CAAF CGIL QR p/so CRS"",""phoneNumbers"":[""0721715069""],""email"":null,""openingTime"":null,""startValidity"":""2025-04-01"",""endValidity"":null,""externalCodes"":[""00120""],""appointmentRequired"":false,""website"":null,""partnerType"":""CAF"",""creationTimestamp"":""2025-10-16T08:09:21.662+00:00"",""updateTimestamp"":""2026-05-12T09:08:19.711+00:00""}"
99eb060d-1e53-46e8-a87d-97ca3965cb65,CAAF CGIL QR p/so CRS,0541833313,,,2025-04-01,,00229,false,,,"Via Enrico Berlinguer, 27",61011,GABICCE MARE,PU,ITALIA,OK,,"{""normalizedAddress"":{""addressRow"":""Via Enrico Berlinguer, 27, 61011 Gabicce Mare PU, Italia"",""cap"":""61011"",""city"":""Gabicce Mare"",""province"":""PU"",""country"":""Italia"",""latitude"":""43.95689"",""longitude"":""12.76282"",""biasPoint"":{""addressNumber"":1,""country"":1,""locality"":1,""postalCode"":1,""subRegion"":1,""overall"":1},""manualCoordinates"":false},""address"":{""addressRow"":""Via Enrico Berlinguer, 27"",""cap"":""61011"",""city"":""GABICCE MARE"",""province"":""PU"",""country"":""ITALIA""},""partnerId"":""01306320423"",""locationId"":""99eb060d-1e53-46e8-a87d-97ca3965cb65"",""description"":""CAAF CGIL QR p/so CRS"",""phoneNumbers"":[""0541833313""],""email"":null,""openingTime"":null,""startValidity"":""2025-04-01"",""endValidity"":null,""externalCodes"":[""00229""],""appointmentRequired"":false,""website"":null,""partnerType"":""CAF"",""creationTimestamp"":""2025-10-16T08:09:21.886+00:00"",""updateTimestamp"":""2026-05-12T09:08:20.136+00:00""}"
9b9f3817-8476-4f24-bd61-ab9baedd0421,CAAF CGIL QR p/so CRS,072274129,,,2025-04-01,,00122,false,,,VIA PITINO 10,61023,MACERATA FELTRIA,PU,ITALIA,OK,,"{""normalizedAddress"":{""addressRow"":""Via Pitino, 10, 61023 Macerata Feltria PU, Italia"",""cap"":""61023"",""city"":""Macerata Feltria"",""province"":""PU"",""country"":""Italia"",""latitude"":""43.80332"",""longitude"":""12.43971"",""biasPoint"":{""addressNumber"":1,""country"":1,""locality"":1,""postalCode"":1,""subRegion"":1,""overall"":1},""manualCoordinates"":false},""address"":{""addressRow"":""VIA PITINO 10"",""cap"":""61023"",""city"":""MACERATA FELTRIA"",""province"":""PU"",""country"":""ITALIA""},""partnerId"":""01306320423"",""locationId"":""9b9f3817-8476-4f24-bd61-ab9baedd0421"",""description"":""CAAF CGIL QR p/so CRS"",""phoneNumbers"":[""072274129""],""email"":null,""openingTime"":null,""startValidity"":""2025-04-01"",""endValidity"":null,""externalCodes"":[""00122""],""appointmentRequired"":false,""website"":null,""partnerType"":""CAF"",""creationTimestamp"":""2025-10-16T08:09:22.075+00:00"",""updateTimestamp"":""2026-05-12T09:08:20.616+00:00""}"
5b032019-7417-4d39-a5d3-2e481dc619d5,CAAF CGIL QR p/so CRS,0721968983,,,2025-04-01,,00221,false,,,VIA LITORANEA 153/B,61037,MONDOLFO,PU,ITALIA,OK,,"{""normalizedAddress"":{""addressRow"":""Via Litoranea, 153/b, 61037 Mondolfo PU, Italia"",""cap"":""61037"",""city"":""Mondolfo"",""province"":""PU"",""country"":""Italia"",""latitude"":""43.76562"",""longitude"":""13.14372"",""biasPoint"":{""addressNumber"":1,""country"":1,""locality"":1,""postalCode"":1,""subRegion"":1,""overall"":1},""manualCoordinates"":false},""address"":{""addressRow"":""VIA LITORANEA 153/B"",""cap"":""61037"",""city"":""MONDOLFO"",""province"":""PU"",""country"":""ITALIA""},""partnerId"":""01306320423"",""locationId"":""5b032019-7417-4d39-a5d3-2e481dc619d5"",""description"":""CAAF CGIL QR p/so CRS"",""phoneNumbers"":[""0721968983""],""email"":null,""openingTime"":null,""startValidity"":""2025-04-01"",""endValidity"":null,""externalCodes"":[""00221""],""appointmentRequired"":false,""website"":null,""partnerType"":""CAF"",""creationTimestamp"":""2025-10-16T08:09:22.286+00:00"",""updateTimestamp"":""2026-05-12T09:08:24.502+00:00""}"
dc0c4cb6-6faf-44c7-b4bc-8e6b9576548f,CAAF CGIL QR p/so CRS,0721491834,,,2025-04-01,,00228,false,,,VIA FERMI 4,61022,VALLEFOGLIA,PU,ITALIA,OK,,"{""normalizedAddress"":{""addressRow"":""Via Enrico Fermi, 4, 61022 Vallefoglia PU, Italia"",""cap"":""61022"",""city"":""Vallefoglia"",""province"":""PU"",""country"":""Italia"",""latitude"":""43.85521"",""longitude"":""12.75192"",""biasPoint"":{""addressNumber"":1,""country"":1,""locality"":1,""postalCode"":1,""subRegion"":1,""overall"":0.99},""manualCoordinates"":false},""address"":{""addressRow"":""VIA FERMI 4"",""cap"":""61022"",""city"":""VALLEFOGLIA"",""province"":""PU"",""country"":""ITALIA""},""partnerId"":""01306320423"",""locationId"":""dc0c4cb6-6faf-44c7-b4bc-8e6b9576548f"",""description"":""CAAF CGIL QR p/so CRS"",""phoneNumbers"":[""0721491834""],""email"":null,""openingTime"":null,""startValidity"":""2025-04-01"",""endValidity"":null,""externalCodes"":[""00228""],""appointmentRequired"":false,""website"":null,""partnerType"":""CAF"",""creationTimestamp"":""2025-10-16T08:09:22.492+00:00"",""updateTimestamp"":""2026-05-12T09:08:26.936+00:00""}"
14f0e6a8-7b4d-40da-acf5-c54609216710,CAAF CGIL QR p/so CRS,0721735729,,,2025-04-01,,00198,false,,,VIA MARCONI 4,61045,PERGOLA,PU,ITALIA,OK,,"{""normalizedAddress"":{""addressRow"":""Via Guglielmo Marconi, 4, 61045 Pergola PU, Italia"",""cap"":""61045"",""city"":""Pergola"",""province"":""PU"",""country"":""Italia"",""latitude"":""43.56029"",""longitude"":""12.83562"",""biasPoint"":{""addressNumber"":1,""country"":1,""locality"":1,""postalCode"":1,""subRegion"":1,""overall"":0.99},""manualCoordinates"":false},""address"":{""addressRow"":""VIA MARCONI 4"",""cap"":""61045"",""city"":""PERGOLA"",""province"":""PU"",""country"":""ITALIA""},""partnerId"":""01306320423"",""locationId"":""14f0e6a8-7b4d-40da-acf5-c54609216710"",""description"":""CAAF CGIL QR p/so CRS"",""phoneNumbers"":[""0721735729""],""email"":null,""openingTime"":null,""startValidity"":""2025-04-01"",""endValidity"":null,""externalCodes"":[""00198""],""appointmentRequired"":false,""website"":null,""partnerType"":""CAF"",""creationTimestamp"":""2025-10-16T08:09:22.685+00:00"",""updateTimestamp"":""2026-05-12T09:08:27.420+00:00""}"
02c64dab-bd8a-4a62-a820-f51030ea5509,CAAF CGIL QR p/so CRS,0722319579,,,2025-04-01,,00124,false,,,VIA LUZIO DOLCE 1,61049,URBANIA,PU,ITALIA,OK,,"{""normalizedAddress"":{""addressRow"":""Via Dolce Luzio, 1, 61049 Urbania PU, Italia"",""cap"":""61049"",""city"":""Urbania"",""province"":""PU"",""country"":""Italia"",""latitude"":""43.6682"",""longitude"":""12.52407"",""biasPoint"":{""addressNumber"":1,""country"":1,""locality"":1,""postalCode"":1,""subRegion"":1,""overall"":1},""manualCoordinates"":false},""address"":{""addressRow"":""VIA LUZIO DOLCE 1"",""cap"":""61049"",""city"":""URBANIA"",""province"":""PU"",""country"":""ITALIA""},""partnerId"":""01306320423"",""locationId"":""02c64dab-bd8a-4a62-a820-f51030ea5509"",""description"":""CAAF CGIL QR p/so CRS"",""phoneNumbers"":[""0722319579""],""email"":null,""openingTime"":null,""startValidity"":""2025-04-01"",""endValidity"":null,""externalCodes"":[""00124""],""appointmentRequired"":false,""website"":null,""partnerType"":""CAF"",""creationTimestamp"":""2025-10-16T08:09:22.881+00:00"",""updateTimestamp"":""2026-05-12T09:08:30.772+00:00""}"
0b4efdfc-f30e-4be4-a38f-58d9a3842e85,CAAF CGIL QR p/so CRS,0722322301,,,2025-04-01,,00117,false,,,VIA BATTISTA SFORZA 249,61029,URBINO,PU,ITALIA,OK,,"{""normalizedAddress"":{""addressRow"":""Via Battista Sforza, 249, 61029 Urbino PU, Italia"",""cap"":""61029"",""city"":""Urbino"",""province"":""PU"",""country"":""Italia"",""latitude"":""43.7417"",""longitude"":""12.63259"",""biasPoint"":{""addressNumber"":1,""country"":1,""locality"":1,""postalCode"":1,""subRegion"":1,""overall"":1},""manualCoordinates"":false},""address"":{""addressRow"":""VIA BATTISTA SFORZA 249"",""cap"":""61029"",""city"":""URBINO"",""province"":""PU"",""country"":""ITALIA""},""partnerId"":""01306320423"",""locationId"":""0b4efdfc-f30e-4be4-a38f-58d9a3842e85"",""description"":""CAAF CGIL QR p/so CRS"",""phoneNumbers"":[""0722322301""],""email"":null,""openingTime"":null,""startValidity"":""2025-04-01"",""endValidity"":null,""externalCodes"":[""00117""],""appointmentRequired"":false,""website"":null,""partnerType"":""CAF"",""creationTimestamp"":""2025-10-16T08:09:23.081+00:00"",""updateTimestamp"":""2026-05-12T09:08:32.791+00:00""}"
